ff_id,Race_Cat
1,African American
2,African American
3,NA
4,African American
5,African American
6,Other
7,African American
8,NA
9,NA
10,NA
11,Latinx
12,NA
13,Latinx
14,NA
15,NA
16,African American
17,NA
18,NA
19,African American
20,NA
21,Other
22,African American
23,NA
24,Other
25,NA
26,African American
27,NA
28,African American
29,African American
30,Other
31,Latinx
32,NA
33,NA
34,NA
35,NA
36,NA
37,NA
38,Latinx
39,NA
40,NA
41,African American
42,African American
43,Other
44,NA
45,African American
46,NA
47,Latinx
48,Other
49,Latinx
50,NA
51,NA
52,African American
53,NA
54,Latinx
55,African American
56,NA
57,NA
58,Latinx
59,Latinx
60,NA
61,NA
62,NA
63,Latinx
64,NA
65,NA
66,African American
67,NA
68,African American
69,African American
70,African American
71,African American
72,NA
73,Other
74,Caucasian
75,African American
76,NA
77,African American
78,Caucasian
79,NA
80,NA
81,African American
82,Other
83,Other
84,Latinx
85,NA
86,Latinx
87,African American
88,Latinx
89,Latinx
90,NA
91,Latinx
92,NA
93,NA
94,NA
95,African American
96,African American
97,Caucasian
98,African American
99,NA
100,Other
101,Other
102,African American
103,NA
104,African American
105,African American
106,Latinx
107,Other
108,NA
109,Latinx
110,African American
111,NA
112,African American
113,NA
114,African American
115,NA
116,Other
117,African American
118,Latinx
119,NA
120,Caucasian
121,NA
122,NA
123,NA
124,NA
125,NA
126,African American
127,Latinx
128,African American
129,NA
130,African American
131,NA
132,African American
133,Latinx
134,NA
135,Latinx
136,Latinx
137,Latinx
138,NA
139,Latinx
140,NA
141,NA
142,NA
143,NA
144,African American
145,NA
146,Latinx
147,Latinx
148,African American
149,NA
150,NA
151,Latinx
152,NA
153,NA
154,NA
155,NA
156,Caucasian
157,NA
158,Latinx
159,Latinx
160,Latinx
161,NA
162,African American
163,NA
164,Latinx
165,African American
166,NA
167,African American
168,Latinx
169,NA
170,Other
171,Latinx
172,Latinx
173,Latinx
174,NA
175,African American
176,NA
177,NA
178,African American
179,African American
180,NA
181,African American
182,Latinx
183,NA
184,NA
185,Latinx
186,NA
187,African American
188,Latinx
189,NA
190,African American
191,Other
192,NA
193,NA
194,Latinx
195,Latinx
196,NA
197,Caucasian
198,African American
199,NA
200,African American
201,NA
202,African American
203,Caucasian
204,African American
205,African American
206,NA
207,African American
208,NA
209,African American
210,Other
211,African American
212,Latinx
213,NA
214,NA
215,NA
216,Latinx
217,Latinx
218,African American
219,African American
220,NA
221,NA
222,Latinx
223,NA
224,NA
225,NA
226,NA
227,Latinx
228,Latinx
229,NA
230,NA
231,African American
232,African American
233,NA
234,NA
235,NA
236,NA
237,African American
238,Other
239,Other
240,NA
241,NA
242,Latinx
243,African American
244,Caucasian
245,African American
246,Latinx
247,NA
248,African American
249,Latinx
250,African American
251,African American
252,Latinx
253,Latinx
254,African American
255,African American
256,NA
257,NA
258,NA
259,Latinx
260,NA
261,NA
262,NA
263,African American
264,NA
265,NA
266,NA
267,African American
268,NA
269,African American
270,NA
271,African American
272,African American
273,NA
274,Other
275,Latinx
276,African American
277,Latinx
278,Latinx
279,African American
280,African American
281,African American
282,NA
283,NA
284,NA
285,NA
286,NA
287,African American
288,African American
289,NA
290,NA
291,Latinx
292,African American
293,Latinx
294,Latinx
295,Latinx
296,Latinx
297,Latinx
298,Latinx
299,African American
300,NA
301,Caucasian
302,Latinx
303,NA
304,Latinx
305,Latinx
306,Latinx
307,Latinx
308,NA
309,NA
310,NA
311,NA
312,Latinx
313,Latinx
314,NA
315,Latinx
316,NA
317,NA
318,African American
319,Other
320,African American
321,African American
322,African American
323,NA
324,NA
325,Other
326,African American
327,African American
328,NA
329,NA
330,African American
331,African American
332,Caucasian
333,NA
334,African American
335,African American
336,African American
337,Other
338,NA
339,Caucasian
340,African American
341,NA
342,Latinx
343,Latinx
344,Latinx
345,NA
346,Caucasian
347,NA
348,African American
349,African American
350,NA
351,Other
352,NA
353,African American
354,African American
355,Caucasian
356,NA
357,Latinx
358,Latinx
359,NA
360,Caucasian
361,NA
362,NA
363,NA
364,African American
365,NA
366,Caucasian
367,Latinx
368,NA
369,Latinx
370,NA
371,Caucasian
372,NA
373,NA
374,NA
375,Latinx
376,Caucasian
377,NA
378,Caucasian
379,Latinx
380,Caucasian
381,Latinx
382,NA
383,Latinx
384,NA
385,Latinx
386,Latinx
387,NA
388,Latinx
389,African American
390,Latinx
391,Caucasian
392,Latinx
393,NA
394,NA
395,Caucasian
396,NA
397,Caucasian
398,African American
399,Caucasian
400,NA
401,African American
402,Caucasian
403,African American
404,Other
405,Latinx
406,NA
407,African American
408,African American
409,Caucasian
410,Latinx
411,Latinx
412,Latinx
413,Latinx
414,Latinx
415,Latinx
416,NA
417,Caucasian
418,NA
419,NA
420,NA
421,Latinx
422,NA
423,African American
424,NA
425,African American
426,Latinx
427,NA
428,Latinx
429,Caucasian
430,NA
431,NA
432,NA
433,NA
434,NA
435,Latinx
436,NA
437,Latinx
438,NA
439,African American
440,NA
441,African American
442,Caucasian
443,Latinx
444,African American
445,African American
446,Latinx
447,NA
448,Latinx
449,NA
450,Latinx
451,NA
452,African American
453,Latinx
454,Latinx
455,Latinx
456,NA
457,NA
458,African American
459,African American
460,Latinx
461,Latinx
462,African American
463,NA
464,Latinx
465,Other
466,NA
467,NA
468,NA
469,NA
470,Latinx
471,Caucasian
472,Latinx
473,Latinx
474,Caucasian
475,African American
476,NA
477,NA
478,Caucasian
479,Caucasian
480,African American
481,Caucasian
482,Caucasian
483,Caucasian
484,Caucasian
485,NA
486,NA
487,Latinx
488,NA
489,Latinx
490,NA
491,Caucasian
492,Caucasian
493,African American
494,NA
495,Caucasian
496,African American
497,NA
498,NA
499,Caucasian
500,NA
501,NA
502,NA
503,African American
504,Latinx
505,African American
506,African American
507,Latinx
508,NA
509,African American
510,African American
511,NA
512,Latinx
513,Caucasian
514,NA
515,Caucasian
516,NA
517,Latinx
518,African American
519,African American
520,NA
521,NA
522,Caucasian
523,NA
524,Latinx
525,African American
526,Caucasian
527,Caucasian
528,African American
529,NA
530,NA
531,NA
532,Latinx
533,African American
534,NA
535,Latinx
536,NA
537,NA
538,Caucasian
539,Caucasian
540,NA
541,Latinx
542,Latinx
543,NA
544,African American
545,NA
546,Caucasian
547,NA
548,African American
549,NA
550,African American
551,Latinx
552,Latinx
553,NA
554,NA
555,Latinx
556,NA
557,Latinx
558,Latinx
559,NA
560,African American
561,Latinx
562,Other
563,NA
564,Caucasian
565,Latinx
566,NA
567,African American
568,Caucasian
569,NA
570,Caucasian
571,Caucasian
572,NA
573,Caucasian
574,NA
575,African American
576,Caucasian
577,NA
578,Latinx
579,Latinx
580,NA
581,Latinx
582,Latinx
583,Latinx
584,Latinx
585,NA
586,Latinx
587,Latinx
588,Latinx
589,Latinx
590,NA
591,Latinx
592,NA
593,Latinx
594,NA
595,Latinx
596,Caucasian
597,NA
598,NA
599,NA
600,African American
601,African American
602,NA
603,Latinx
604,Latinx
605,African American
606,NA
607,NA
608,African American
609,Caucasian
610,Caucasian
611,NA
612,Caucasian
613,Latinx
614,Caucasian
615,NA
616,NA
617,Latinx
618,NA
619,Latinx
620,NA
621,NA
622,Latinx
623,Latinx
624,NA
625,African American
626,African American
627,Latinx
628,Latinx
629,NA
630,NA
631,NA
632,Latinx
633,NA
634,Latinx
635,African American
636,Latinx
637,NA
638,Other
639,NA
640,Latinx
641,NA
642,Latinx
643,Latinx
644,NA
645,NA
646,Latinx
647,African American
648,Latinx
649,African American
650,Latinx
651,Latinx
652,NA
653,Latinx
654,NA
655,NA
656,Latinx
657,African American
658,African American
659,African American
660,NA
661,African American
662,African American
663,Latinx
664,African American
665,Caucasian
666,African American
667,NA
668,NA
669,African American
670,NA
671,African American
672,African American
673,Caucasian
674,African American
675,Other
676,African American
677,African American
678,NA
679,African American
680,African American
681,African American
682,African American
683,NA
684,NA
685,African American
686,African American
687,African American
688,African American
689,NA
690,African American
691,African American
692,African American
693,NA
694,African American
695,NA
696,NA
697,African American
698,NA
699,African American
700,African American
701,African American
702,African American
703,African American
704,African American
705,NA
706,NA
707,NA
708,NA
709,NA
710,NA
711,African American
712,NA
713,NA
714,NA
715,African American
716,NA
717,African American
718,NA
719,African American
720,African American
721,African American
722,African American
723,Caucasian
724,Caucasian
725,NA
726,NA
727,Caucasian
728,NA
729,NA
730,NA
731,NA
732,NA
733,African American
734,African American
735,African American
736,NA
737,Other
738,NA
739,Other
740,Other
741,African American
742,Other
743,African American
744,Caucasian
745,NA
746,African American
747,African American
748,NA
749,African American
750,Other
751,African American
752,NA
753,African American
754,African American
755,NA
756,NA
757,NA
758,NA
759,Other
760,Caucasian
761,African American
762,African American
763,African American
764,African American
765,African American
766,NA
767,Other
768,African American
769,Latinx
770,Caucasian
771,Caucasian
772,African American
773,African American
774,African American
775,NA
776,NA
777,NA
778,NA
779,NA
780,African American
781,African American
782,Caucasian
783,Caucasian
784,African American
785,NA
786,NA
787,African American
788,NA
789,African American
790,Latinx
791,African American
792,NA
793,NA
794,NA
795,NA
796,NA
797,NA
798,African American
799,NA
800,African American
801,African American
802,Caucasian
803,NA
804,Latinx
805,African American
806,African American
807,African American
808,Caucasian
809,Caucasian
810,African American
811,African American
812,African American
813,African American
814,African American
815,African American
816,African American
817,African American
818,African American
819,NA
820,African American
821,African American
822,African American
823,Caucasian
824,African American
825,African American
826,African American
827,African American
828,Latinx
829,African American
830,African American
831,African American
832,NA
833,NA
834,NA
835,African American
836,African American
837,NA
838,African American
839,Caucasian
840,African American
841,Caucasian
842,African American
843,African American
844,African American
845,NA
846,NA
847,African American
848,African American
849,African American
850,African American
851,African American
852,African American
853,African American
854,Latinx
855,African American
856,African American
857,NA
858,African American
859,African American
860,African American
861,NA
862,Caucasian
863,African American
864,NA
865,African American
866,African American
867,African American
868,NA
869,African American
870,African American
871,Other
872,Caucasian
873,NA
874,Caucasian
875,Other
876,NA
877,NA
878,NA
879,NA
880,Caucasian
881,NA
882,African American
883,African American
884,African American
885,NA
886,NA
887,African American
888,African American
889,African American
890,African American
10177,African American
892,African American
893,African American
894,African American
895,African American
896,African American
897,African American
898,African American
899,African American
900,African American
901,African American
902,Caucasian
903,African American
904,NA
905,African American
906,African American
907,NA
908,African American
909,NA
910,African American
911,Caucasian
912,Caucasian
913,Caucasian
914,African American
915,African American
916,NA
917,African American
918,NA
919,African American
920,NA
921,African American
922,African American
923,African American
924,African American
925,African American
926,African American
927,NA
928,Caucasian
929,African American
930,Latinx
931,NA
932,African American
933,NA
934,African American
935,African American
936,African American
937,African American
938,African American
10184,Caucasian
940,African American
941,African American
942,NA
943,African American
944,NA
945,African American
946,African American
947,Caucasian
948,African American
949,Latinx
950,African American
951,African American
952,African American
953,African American
954,Other
955,NA
956,African American
957,NA
958,African American
959,African American
960,African American
961,African American
962,African American
963,African American
964,Other
965,African American
966,African American
967,African American
968,African American
969,Caucasian
970,NA
971,Caucasian
972,Caucasian
973,African American
974,NA
975,African American
976,Caucasian
977,Caucasian
978,African American
979,African American
980,NA
981,African American
982,African American
983,Other
984,African American
985,African American
986,African American
987,African American
988,African American
989,African American
990,African American
991,Caucasian
992,African American
993,African American
994,African American
995,NA
996,African American
10019,Caucasian
998,African American
10100,African American
10153,African American
10023,African American
10033,African American
1003,NA
10001,African American
1005,NA
10107,African American
10187,African American
1008,NA
1009,NA
1010,NA
1011,African American
1012,NA
10014,African American
10136,African American
1015,NA
10137,NA
10018,African American
1018,NA
1019,Latinx
1020,NA
10148,African American
1022,African American
1023,NA
1024,NA
1025,African American
10128,African American
1027,African American
1028,African American
10115,African American
10021,African American
1031,NA
10185,African American
10013,Other
10237,Caucasian
1035,African American
10047,African American
1037,NA
10064,African American
1039,NA
10015,African American
1041,Caucasian
10011,African American
1043,NA
10152,African American
1045,African American
1046,Caucasian
10034,African American
1048,NA
10050,African American
1050,NA
1051,African American
10165,Latinx
1053,NA
1054,Latinx
10089,African American
1056,NA
10055,African American
1058,Other
1059,Caucasian
10032,African American
1061,NA
10039,Caucasian
1063,African American
10012,African American
10063,African American
1066,NA
10170,Latinx
10084,African American
10046,African American
10027,Other
1071,Caucasian
1072,African American
1073,Other
1074,African American
10009,African American
1076,NA
1077,NA
10083,African American
10085,African American
1080,NA
10077,African American
10004,African American
10104,Caucasian
10081,African American
10054,African American
10076,African American
10036,African American
10078,African American
10088,African American
10030,African American
1091,African American
10005,African American
10114,African American
1094,NA
1095,African American
1096,NA
1097,NA
10090,African American
1099,African American
10164,Other
1101,Caucasian
10048,African American
10190,NA
1104,Other
1105,Other
1106,NA
10010,Latinx
1108,Latinx
10201,African American
1110,African American
1111,African American
10154,African American
10003,African American
1114,NA
1115,NA
10075,African American
10176,Latinx
10038,African American
10053,African American
1120,NA
10116,African American
1122,NA
1123,NA
10236,African American
1125,NA
10096,African American
10043,Caucasian
1128,African American
10127,African American
10173,African American
10074,African American
1132,NA
1133,African American
1134,African American
1135,African American
10210,African American
10024,African American
1138,NA
1139,African American
10022,Latinx
1141,African American
1142,NA
1143,African American
10026,African American
10188,African American
1146,African American
1147,African American
1148,African American
1149,African American
10007,African American
1151,NA
1152,NA
10079,African American
10159,African American
1155,African American
1156,African American
10131,African American
10218,NA
10120,African American
1160,NA
1161,African American
10125,African American
1163,Caucasian
1164,NA
10008,African American
1166,NA
10146,African American
1168,NA
1169,NA
10130,African American
1171,Caucasian
10052,African American
1173,NA
1174,NA
1175,African American
1176,NA
1177,African American
10141,African American
1179,NA
10095,African American
10045,African American
10037,African American
1183,African American
1184,African American
1185,NA
10144,African American
1187,African American
1188,African American
10109,African American
10183,African American
1191,African American
1192,NA
1193,African American
1194,African American
10031,African American
10178,African American
10151,Caucasian
10042,African American
1199,African American
1200,NA
1201,NA
10117,African American
10099,African American
1204,African American
10020,African American
10069,African American
10145,African American
1208,NA
10066,African American
10025,African American
10110,African American
10056,African American
1213,African American
1214,African American
1215,NA
10098,African American
10057,Caucasian
10006,African American
1219,NA
10126,African American
1221,NA
10162,Caucasian
1223,NA
10073,African American
10189,African American
10060,African American
10062,Caucasian
10142,African American
1229,NA
1230,African American
10101,African American
10065,African American
10061,African American
10103,African American
1235,NA
1236,African American
1237,African American
1238,African American
10051,African American
1240,African American
1241,NA
1242,African American
1243,NA
1244,African American
10213,NA
10093,African American
10092,African American
1248,NA
10149,African American
10041,Caucasian
10169,African American
1252,African American
10070,Caucasian
1254,NA
1255,African American
1256,African American
1257,African American
1258,NA
1259,NA
1260,African American
1261,African American
1262,African American
10059,African American
1264,African American
1265,NA
1266,African American
10068,African American
1268,African American
1269,NA
10058,African American
1271,African American
1272,NA
1273,African American
1274,NA
10168,NA
1276,African American
10035,African American
1278,African American
10172,African American
10186,African American
1281,NA
10016,African American
10002,African American
10040,African American
10080,African American
10071,African American
10191,African American
1288,African American
1289,African American
1290,African American
1291,NA
10028,African American
1293,NA
10086,African American
10017,Latinx
10067,African American
1297,African American
1298,NA
1299,African American
1300,NA
10049,African American
10072,African American
1303,NA
1304,Latinx
1305,NA
1306,Latinx
1307,Latinx
10155,Latinx
1309,Latinx
10121,African American
10087,African American
10029,African American
10044,African American
10082,African American
1315,NA
1316,Caucasian
1317,African American
1318,African American
1319,NA
1320,African American
1321,African American
1322,African American
1323,African American
1324,Latinx
1325,African American
1326,NA
1327,NA
1328,NA
1329,Latinx
1330,NA
1331,African American
1332,African American
1333,African American
1334,NA
1335,African American
1336,African American
1337,NA
1338,African American
1339,African American
1340,NA
1341,African American
1342,African American
1343,African American
1344,African American
1345,NA
1346,Latinx
1347,NA
1348,African American
1349,African American
1350,Other
1351,Latinx
1352,NA
1353,African American
1354,NA
1355,African American
1356,African American
1357,African American
1358,African American
1359,African American
1360,NA
1361,NA
1362,NA
1363,NA
1364,African American
1365,Latinx
1366,African American
1367,NA
1368,Latinx
1369,Latinx
1370,Latinx
1371,NA
1372,NA
1373,NA
1374,NA
1375,Caucasian
1376,African American
1377,Latinx
1378,African American
1379,Latinx
1380,African American
1381,NA
1382,NA
1383,African American
1384,Latinx
1385,African American
1386,Latinx
1387,Latinx
1388,Latinx
1389,NA
1390,African American
1391,NA
1392,African American
1393,Latinx
1394,Latinx
1395,NA
1396,Latinx
1397,Latinx
1398,Latinx
1399,NA
1400,Latinx
1401,Latinx
1402,Latinx
1403,African American
1404,NA
1405,Other
1406,Latinx
1407,NA
1408,Latinx
1409,Latinx
1410,African American
1411,Latinx
1412,NA
1413,Caucasian
1414,NA
1415,NA
1416,NA
1417,Caucasian
1418,African American
1419,African American
1420,NA
1421,Latinx
1422,African American
1423,NA
1424,African American
1425,NA
1426,African American
1427,Latinx
1428,African American
1429,NA
1430,African American
1431,Latinx
1432,Latinx
1433,NA
1434,NA
1435,Latinx
1436,NA
1437,African American
1438,African American
1439,African American
1440,African American
1441,Caucasian
1442,African American
1443,African American
1444,NA
1445,NA
1446,Latinx
1447,Latinx
1448,Latinx
1449,Latinx
1450,Latinx
1451,African American
1452,Caucasian
1453,African American
1454,Latinx
1455,Latinx
1456,Latinx
1457,Latinx
1458,Latinx
1459,Latinx
1460,NA
1461,Latinx
1462,Latinx
1463,Latinx
1464,African American
1465,African American
1466,NA
1467,NA
1468,African American
1469,African American
1470,African American
1471,African American
1472,NA
1473,NA
1474,NA
1475,African American
1476,African American
1477,NA
1478,African American
1479,NA
1480,NA
1481,African American
1482,African American
1483,NA
1484,Latinx
1485,NA
1486,NA
1487,African American
1488,NA
1489,African American
1490,African American
1491,NA
1492,NA
1493,African American
1494,African American
1495,NA
1496,NA
1497,African American
1498,NA
1499,Latinx
1500,NA
1501,African American
1502,NA
1503,African American
1504,NA
1505,African American
1506,NA
1507,African American
1508,Latinx
1509,African American
1510,NA
1511,African American
1512,African American
1513,African American
1514,NA
1515,NA
1516,NA
1517,African American
1518,African American
1519,NA
1520,NA
1521,NA
1522,African American
1523,NA
1524,Other
1525,African American
1526,NA
1527,Latinx
1528,Latinx
1529,NA
1530,NA
1531,NA
1532,African American
1533,Latinx
1534,Latinx
1535,African American
1536,NA
1537,African American
1538,African American
1539,NA
1540,Other
1541,African American
1542,Latinx
1543,African American
1544,NA
1545,NA
1546,NA
1547,NA
1548,African American
1549,Latinx
1550,Other
1551,African American
1552,African American
1553,African American
1554,NA
1555,African American
1556,NA
1557,NA
1558,African American
1559,African American
1560,NA
1561,African American
1562,NA
1563,NA
1564,NA
1565,Latinx
1566,African American
1567,African American
1568,African American
1569,African American
1570,NA
1571,African American
1572,Other
1573,African American
1574,NA
1575,NA
1576,African American
1577,African American
1578,African American
1579,Other
1580,African American
1581,NA
1582,African American
1583,African American
1584,NA
1585,NA
1586,African American
1587,African American
1588,African American
1589,African American
1590,NA
1591,African American
1592,African American
1593,NA
1594,African American
1595,NA
1596,Latinx
1597,Latinx
1598,African American
1599,Latinx
1600,NA
1601,African American
1602,African American
1603,NA
1604,African American
1605,Latinx
1606,African American
1607,African American
1608,NA
1609,African American
1610,African American
1611,African American
1612,Caucasian
1613,NA
1614,African American
1615,NA
1616,Latinx
1617,NA
1618,NA
1619,Latinx
1620,Latinx
1621,NA
1622,African American
1623,African American
1624,African American
1625,NA
1626,NA
1627,African American
1628,NA
1629,NA
1630,NA
1631,NA
1632,African American
1633,NA
1634,NA
1635,Other
1636,African American
1637,NA
1638,NA
1639,African American
1640,NA
1641,African American
1642,African American
1643,African American
1644,African American
1645,NA
1646,NA
1647,Latinx
1648,NA
1649,African American
1650,African American
1651,NA
1652,NA
1653,NA
1654,African American
1655,African American
1656,NA
1657,Latinx
1658,NA
1659,Latinx
1660,African American
1661,African American
1662,NA
1663,NA
1664,African American
1665,NA
1666,Other
1667,Other
1668,Caucasian
1669,NA
1670,African American
1671,Latinx
1672,African American
1673,NA
1674,NA
1675,African American
1676,African American
1677,Latinx
1678,NA
1679,NA
1680,African American
1681,NA
1682,African American
1683,NA
1684,NA
1685,African American
1686,African American
1687,Other
1688,NA
1689,NA
1690,African American
1691,African American
1692,African American
1693,African American
1694,African American
1695,NA
1696,NA
1697,Latinx
1698,African American
1699,African American
1700,NA
1701,African American
1702,Other
1703,Other
1704,African American
1705,NA
1706,African American
1707,NA
1708,African American
1709,NA
1710,Latinx
1711,Other
1712,Other
1713,African American
1714,African American
1715,Latinx
1716,Latinx
1717,Other
1718,NA
1719,Latinx
1720,African American
1721,Caucasian
1722,African American
1723,African American
1724,African American
1725,African American
1726,African American
1727,Other
1728,African American
1729,African American
1730,Caucasian
1731,African American
1732,NA
1733,NA
1734,African American
1735,African American
1736,African American
1737,NA
1738,Caucasian
1739,African American
1740,NA
1741,African American
1742,Caucasian
1743,NA
1744,Caucasian
1745,African American
1746,NA
1747,NA
1748,African American
1749,African American
1750,NA
1751,Caucasian
1752,NA
1753,African American
1754,African American
1755,African American
1756,African American
1757,NA
1758,Latinx
1759,NA
1760,African American
1761,Other
1762,African American
1763,NA
1764,African American
1765,African American
1766,NA
1767,Latinx
1768,NA
1769,African American
1770,NA
1771,Caucasian
1772,Caucasian
1773,African American
1774,NA
1775,NA
1776,Latinx
1777,Caucasian
1778,Other
1779,African American
1780,African American
1781,NA
1782,African American
1783,Latinx
1784,African American
1785,African American
1786,African American
1787,NA
1788,African American
1789,Other
1790,African American
1791,NA
1792,NA
1793,African American
1794,African American
1795,African American
1796,African American
1797,African American
1798,African American
1799,African American
1800,NA
1801,African American
1802,African American
1803,Caucasian
1804,African American
1805,NA
1806,NA
1807,African American
1808,Other
1809,Latinx
1810,African American
1811,African American
1812,NA
1813,Caucasian
1814,Other
1815,African American
1816,Latinx
1817,Other
1818,NA
1819,African American
1820,NA
1821,African American
1822,African American
1823,Latinx
1824,NA
1825,NA
1826,African American
1827,African American
1828,African American
1829,African American
1830,African American
1831,African American
1832,African American
1833,Other
1834,NA
1835,NA
1836,Caucasian
1837,Caucasian
1838,Caucasian
1839,Other
1840,NA
1841,Caucasian
1842,African American
1843,African American
1844,NA
1845,Latinx
1846,African American
1847,NA
1848,NA
1849,Latinx
1850,African American
1851,Caucasian
1852,African American
1853,African American
1854,African American
1855,African American
1856,Other
1857,African American
1858,African American
1859,Caucasian
1860,African American
1861,African American
1862,African American
1863,Caucasian
1864,NA
1865,NA
1866,NA
1867,Caucasian
1868,Other
1869,Caucasian
1870,NA
1871,NA
1872,African American
1873,African American
1874,African American
1875,Other
1876,NA
1877,NA
1878,NA
1879,Caucasian
1880,NA
1881,NA
1882,African American
1883,Caucasian
1884,Caucasian
1885,African American
1886,African American
1887,NA
1888,Caucasian
1889,NA
1890,African American
1891,Other
1892,African American
1893,Caucasian
1894,African American
1895,African American
1896,NA
1897,Caucasian
1898,Other
1899,African American
1900,African American
1901,African American
1902,NA
1903,Latinx
1904,African American
1905,African American
1906,African American
1907,Other
1908,NA
1909,African American
1910,African American
1911,African American
1912,African American
1913,African American
1914,African American
1915,NA
1916,African American
1917,NA
1918,NA
1919,Other
1920,African American
1921,African American
1922,Latinx
1923,African American
1924,African American
1925,African American
1926,African American
1927,African American
1928,African American
1929,Latinx
1930,African American
1931,NA
1932,African American
1933,NA
1934,African American
1935,African American
1936,Other
1937,African American
1938,African American
1939,African American
1940,NA
1941,African American
1942,African American
1943,African American
1944,African American
1945,African American
1946,African American
1947,Caucasian
1948,African American
1949,NA
1950,NA
1951,African American
1952,NA
1953,African American
1954,African American
1955,African American
1956,NA
1957,NA
1958,African American
1959,African American
1960,African American
1961,African American
1962,African American
1963,NA
1964,NA
1965,Caucasian
1966,African American
1967,African American
1968,NA
1969,African American
1970,Latinx
1971,Other
1972,NA
1973,African American
1974,African American
1975,Latinx
1976,African American
1977,NA
1978,African American
1979,NA
1980,NA
1981,Other
1982,African American
1983,NA
1984,Other
1985,African American
1986,NA
1987,African American
1988,NA
1989,African American
1990,African American
1991,African American
1992,Other
1993,African American
1994,African American
1995,African American
1996,Latinx
1997,Other
1998,African American
1999,African American
2000,African American
2001,NA
2002,African American
2003,Caucasian
2004,African American
2005,African American
2006,African American
2007,African American
2008,NA
2009,African American
2010,African American
2011,African American
2012,African American
2013,NA
2014,African American
2015,NA
2016,African American
2017,NA
2018,NA
2019,Caucasian
2020,Other
2021,African American
2022,Caucasian
2023,NA
2024,NA
2025,Caucasian
2026,NA
2027,Caucasian
2028,NA
2029,Caucasian
2030,African American
2031,African American
2032,Caucasian
2033,NA
2034,African American
2035,African American
2036,African American
2037,Other
2038,NA
2039,African American
2040,Caucasian
2041,Other
2042,African American
2043,African American
2044,Other
2045,African American
2046,NA
2047,Latinx
2048,NA
2049,NA
2050,African American
2051,African American
2052,Caucasian
2053,NA
2054,African American
2055,NA
2056,Caucasian
2057,African American
2058,African American
2059,African American
2060,NA
2061,Caucasian
2062,Latinx
2063,African American
2064,African American
2065,NA
2066,NA
2067,African American
2068,African American
2069,African American
2070,African American
2071,NA
2072,African American
2073,NA
2074,African American
2075,NA
2076,NA
2077,Caucasian
2078,NA
2079,Caucasian
2080,Latinx
2081,NA
2082,African American
2083,Caucasian
2084,Other
2085,Latinx
2086,NA
2087,NA
2088,African American
2089,Caucasian
2090,African American
2091,NA
2092,Caucasian
2093,Caucasian
2094,NA
2095,Caucasian
2096,NA
2097,NA
2098,NA
2099,African American
2100,NA
2101,NA
2102,Other
2103,African American
2104,Latinx
2105,African American
2106,Caucasian
2107,Latinx
2108,NA
2109,African American
2110,African American
2111,African American
2112,NA
2113,African American
2114,African American
2115,African American
2116,African American
2117,African American
2118,African American
2119,African American
2120,Caucasian
2121,African American
2122,African American
2123,African American
2124,African American
2125,NA
2126,African American
2127,Other
2128,African American
2129,Other
2130,Caucasian
2131,NA
2132,Latinx
2133,Latinx
2134,NA
2135,NA
2136,African American
2137,African American
2138,African American
2139,Caucasian
2140,Other
2141,African American
2142,NA
2143,NA
2144,African American
2145,NA
2146,African American
2147,Other
2148,Caucasian
2149,African American
2150,NA
2151,African American
2152,African American
2153,African American
2154,NA
2155,NA
2156,NA
2157,NA
2158,NA
2159,NA
2160,African American
2161,Other
2162,African American
2163,Caucasian
2164,Other
2165,African American
2166,NA
2167,NA
2168,NA
2169,NA
2170,NA
2171,African American
2172,NA
2173,Caucasian
2174,African American
2175,Caucasian
2176,NA
2177,Caucasian
2178,Caucasian
2179,Caucasian
2180,African American
2181,African American
2182,Caucasian
2183,African American
2184,NA
2185,NA
2186,NA
2187,African American
2188,African American
2189,African American
2190,African American
2191,NA
2192,African American
2193,African American
2194,NA
2195,African American
2196,African American
2197,NA
2198,NA
2199,African American
2200,Caucasian
2201,NA
2202,Latinx
2203,NA
2204,African American
2205,NA
2206,African American
2207,African American
2208,African American
2209,African American
2210,Other
2211,African American
2212,African American
2213,African American
2214,Other
2215,NA
2216,African American
2217,NA
2218,African American
2219,African American
2220,NA
2221,African American
2222,African American
2223,NA
2224,African American
2225,African American
2226,NA
2227,NA
2228,Latinx
2229,African American
2230,African American
2231,NA
2232,Caucasian
2233,Latinx
2234,African American
2235,African American
2236,African American
2237,Caucasian
2238,NA
2239,Other
2240,African American
2241,African American
2242,African American
2243,NA
2244,African American
2245,African American
2246,Caucasian
2247,Caucasian
2248,African American
2249,African American
2250,African American
2251,African American
2252,NA
2253,African American
2254,African American
2255,NA
2256,African American
2257,African American
2258,African American
2259,African American
2260,Latinx
2261,NA
2262,NA
2263,Caucasian
2264,African American
2265,African American
2266,NA
2267,NA
2268,African American
2269,African American
2270,African American
2271,NA
2272,African American
2273,African American
2274,African American
2275,African American
2276,NA
2277,African American
2278,NA
2279,African American
2280,Caucasian
2281,NA
2282,African American
2283,African American
2284,African American
2285,NA
2286,NA
2287,African American
2288,African American
2289,NA
2290,African American
2291,African American
2292,NA
2293,African American
2294,Caucasian
2295,NA
2296,African American
2297,African American
2298,Other
2299,NA
2300,African American
2301,African American
2302,African American
2303,African American
2304,African American
2305,NA
2306,African American
2307,African American
2308,Caucasian
2309,Latinx
2310,African American
2311,African American
2312,NA
2313,Caucasian
2314,African American
2315,African American
2316,NA
2317,African American
2318,NA
2319,African American
2320,African American
2321,African American
2322,African American
2323,NA
2324,NA
2325,NA
2326,Other
2327,African American
2328,Latinx
2329,Caucasian
2330,Latinx
2331,Other
2332,NA
2333,Latinx
2334,Caucasian
2335,Caucasian
2336,NA
2337,Caucasian
2338,African American
2339,Other
2340,Latinx
2341,Caucasian
2342,Latinx
2343,NA
2344,Latinx
2345,Latinx
2346,African American
2347,Latinx
2348,NA
2349,Caucasian
2350,Latinx
2351,Caucasian
2352,Caucasian
2353,Caucasian
2354,NA
2355,Latinx
2356,NA
2357,NA
2358,Latinx
2359,Latinx
2360,African American
2361,NA
2362,NA
2363,Caucasian
2364,Latinx
2365,NA
2366,NA
2367,NA
2368,NA
2369,NA
2370,Other
2371,Latinx
2372,Caucasian
2373,NA
2374,NA
2375,Latinx
2376,NA
2377,NA
2378,Latinx
2379,Latinx
2380,NA
2381,Latinx
2382,Latinx
2383,African American
2384,NA
2385,Latinx
2386,NA
2387,NA
2388,Latinx
2389,Latinx
2390,NA
2391,NA
2392,NA
2393,Latinx
2394,Latinx
2395,Caucasian
2396,Latinx
2397,Latinx
2398,Other
2399,Latinx
2400,Latinx
2401,NA
2402,NA
2403,Latinx
2404,Latinx
2405,Latinx
2406,NA
2407,NA
2408,Latinx
2409,Latinx
2410,Latinx
2411,Latinx
2412,Caucasian
2413,NA
2414,Latinx
2415,African American
2416,Latinx
2417,Caucasian
2418,NA
2419,Latinx
2420,Latinx
2421,Caucasian
2422,Caucasian
2423,Latinx
2424,NA
2425,Latinx
2426,Other
2427,Latinx
2428,African American
2429,Latinx
2430,Latinx
2431,Latinx
2432,NA
2433,Latinx
2434,Latinx
2435,NA
2436,Other
2437,Latinx
2438,Caucasian
2439,NA
2440,Latinx
2441,NA
2442,African American
2443,Latinx
2444,NA
2445,NA
2446,Caucasian
2447,Latinx
2448,Latinx
2449,Caucasian
2450,Latinx
2451,Latinx
2452,Latinx
2453,NA
2454,Latinx
2455,Latinx
2456,Latinx
2457,Latinx
2458,Latinx
2459,Latinx
2460,Latinx
2461,Latinx
2462,Latinx
2463,Caucasian
2464,Latinx
2465,Latinx
2466,Latinx
2467,NA
2468,NA
2469,Latinx
2470,NA
2471,Latinx
2472,Latinx
2473,Latinx
2474,NA
2475,Latinx
2476,Latinx
2477,Latinx
2478,NA
2479,Latinx
2480,Latinx
2481,NA
2482,Latinx
2483,Latinx
2484,NA
2485,Caucasian
2486,Latinx
2487,Latinx
2488,NA
2489,NA
2490,Caucasian
2491,Latinx
2492,Latinx
2493,Caucasian
2494,Latinx
2495,Latinx
2496,Latinx
2497,Latinx
2498,Latinx
2499,Other
2500,Latinx
2501,Caucasian
2502,Caucasian
2503,NA
2504,Latinx
2505,African American
2506,NA
2507,Latinx
2508,Caucasian
2509,Latinx
2510,Latinx
2511,Caucasian
2512,Latinx
2513,Caucasian
2514,NA
2515,NA
2516,Caucasian
2517,Latinx
2518,Caucasian
2519,Latinx
2520,Latinx
2521,Latinx
2522,Caucasian
2523,African American
2524,Caucasian
2525,Latinx
2526,Latinx
2527,Caucasian
2528,NA
2529,Latinx
2530,African American
2531,Latinx
2532,NA
2533,Latinx
2534,Latinx
2535,NA
2536,NA
2537,Latinx
2538,NA
2539,Latinx
2540,NA
2541,Latinx
2542,Caucasian
2543,Latinx
2544,Latinx
2545,Caucasian
2546,Caucasian
2547,NA
2548,Latinx
2549,Latinx
2550,Latinx
2551,NA
2552,NA
2553,Other
2554,Latinx
2555,Latinx
2556,Latinx
2557,Latinx
2558,Latinx
2559,Latinx
2560,Latinx
2561,Caucasian
2562,Caucasian
2563,Other
2564,NA
2565,NA
2566,NA
2567,NA
2568,NA
2569,Latinx
2570,Latinx
2571,Latinx
2572,African American
2573,Latinx
2574,Latinx
2575,NA
2576,Latinx
2577,Latinx
2578,NA
2579,Latinx
2580,NA
2581,Latinx
2582,Latinx
2583,Latinx
2584,Latinx
2585,NA
2586,NA
2587,African American
2588,Latinx
2589,NA
2590,Latinx
2591,Other
2592,Latinx
2593,NA
2594,NA
2595,Latinx
2596,NA
2597,Latinx
2598,Latinx
2599,NA
2600,Latinx
2601,Latinx
2602,NA
2603,NA
2604,NA
2605,Latinx
2606,NA
2607,Latinx
2608,Latinx
2609,Latinx
2610,NA
2611,Latinx
2612,Latinx
2613,NA
2614,Latinx
2615,Latinx
2616,NA
2617,NA
2618,African American
2619,Latinx
2620,NA
2621,Latinx
2622,Latinx
2623,Latinx
2624,NA
2625,Latinx
2626,Latinx
2627,NA
2628,Latinx
2629,Caucasian
2630,NA
2631,Latinx
2632,Latinx
2633,Latinx
2634,Latinx
2635,Latinx
2636,NA
2637,Latinx
2638,Latinx
2639,NA
2640,Caucasian
2641,Latinx
2642,Caucasian
2643,NA
2644,Caucasian
2645,Latinx
2646,Latinx
2647,NA
2648,Caucasian
2649,Latinx
2650,Latinx
2651,Latinx
2652,Latinx
2653,Latinx
2654,Latinx
2655,Latinx
2656,Latinx
2657,African American
2658,NA
2659,Caucasian
2660,Other
2661,Caucasian
2662,Other
2663,African American
2664,African American
2665,NA
2666,African American
2667,Other
2668,Caucasian
2669,Other
2670,African American
2671,Caucasian
2672,NA
2673,Other
2674,Caucasian
2675,African American
2676,Caucasian
2677,African American
2678,Caucasian
2679,NA
2680,African American
2681,Other
2682,Caucasian
2683,Other
2684,Caucasian
2685,NA
2686,Latinx
2687,African American
2688,African American
2689,Caucasian
2690,Caucasian
2691,Latinx
2692,Caucasian
2693,African American
2694,African American
2695,Caucasian
2696,NA
2697,African American
2698,African American
2699,African American
2700,Caucasian
2701,Caucasian
2702,NA
2703,Caucasian
2704,Caucasian
2705,NA
2706,Caucasian
2707,Caucasian
2708,African American
2709,NA
2710,NA
2711,NA
2712,African American
2713,African American
2714,NA
2715,Caucasian
2716,NA
2717,Caucasian
2718,NA
2719,Caucasian
2720,African American
2721,NA
2722,Caucasian
2723,African American
2724,Caucasian
2725,Latinx
2726,African American
2727,NA
2728,NA
2729,Other
2730,Other
2731,African American
2732,African American
2733,Caucasian
2734,Other
2735,NA
2736,Caucasian
2737,Caucasian
2738,Caucasian
2739,NA
2740,Latinx
2741,Latinx
2742,Caucasian
2743,African American
2744,African American
2745,Other
2746,African American
2747,African American
2748,African American
2749,NA
2750,African American
2751,Caucasian
2752,Caucasian
2753,Caucasian
2754,Caucasian
2755,NA
2756,Other
2757,NA
2758,Other
2759,Caucasian
2760,NA
2761,African American
2762,Caucasian
2763,Caucasian
2764,African American
2765,African American
2766,African American
2767,NA
2768,Latinx
2769,African American
2770,African American
2771,African American
2772,Caucasian
2773,African American
2774,African American
2775,African American
2776,NA
2777,African American
2778,NA
2779,African American
2780,NA
2781,Caucasian
2782,African American
2783,NA
2784,Caucasian
2785,African American
2786,African American
2787,African American
2788,NA
2789,NA
2790,African American
2791,African American
2792,African American
2793,NA
2794,African American
2795,African American
2796,African American
2797,African American
2798,NA
2799,Caucasian
2800,NA
2801,African American
2802,African American
2803,NA
2804,Caucasian
2805,Caucasian
2806,Latinx
2807,African American
2808,African American
2809,African American
2810,Other
2811,African American
2812,African American
2813,Caucasian
2814,Caucasian
2815,Latinx
2816,African American
2817,African American
2818,Other
2819,African American
2820,African American
2821,African American
2822,NA
2823,African American
2824,African American
2825,African American
2826,NA
2827,African American
2828,African American
2829,NA
2830,Latinx
2831,NA
2832,African American
2833,NA
2834,NA
2835,African American
2836,Other
2837,African American
2838,African American
2839,African American
2840,Caucasian
2841,NA
2842,African American
2843,African American
2844,African American
2845,African American
2846,African American
2847,Caucasian
2848,African American
2849,African American
2850,African American
2851,African American
2852,NA
2853,NA
2854,Other
2855,African American
2856,NA
2857,African American
2858,African American
2859,NA
2860,African American
2861,African American
2862,African American
2863,NA
10197,African American
2865,African American
2866,African American
2867,NA
2868,NA
2869,Other
2870,Caucasian
2871,African American
2872,African American
2873,NA
2874,Other
2875,Caucasian
2876,African American
2877,Other
2878,Caucasian
2879,NA
2880,African American
2881,Other
2882,Caucasian
2883,Caucasian
2884,Caucasian
2885,Other
2886,Caucasian
2887,NA
2888,NA
2889,Caucasian
2890,Caucasian
2891,NA
2892,NA
2893,Caucasian
2894,Caucasian
2895,Caucasian
2896,African American
2897,Caucasian
2898,Caucasian
2899,NA
2900,NA
2901,NA
2902,NA
2903,NA
2904,Caucasian
2905,NA
2906,Caucasian
2907,Caucasian
2908,Caucasian
2909,Caucasian
2910,NA
2911,NA
2912,Caucasian
2913,Caucasian
2914,NA
2915,Caucasian
2916,Caucasian
2917,Other
2918,African American
2919,Other
2920,NA
2921,NA
2922,Caucasian
2923,Caucasian
2924,Caucasian
2925,Caucasian
2926,Caucasian
2927,Caucasian
2928,Caucasian
2929,Caucasian
2930,Caucasian
2931,Caucasian
2932,NA
2933,Caucasian
2934,Caucasian
2935,NA
2936,African American
2937,Caucasian
2938,NA
2939,Caucasian
2940,African American
2941,Caucasian
2942,African American
2943,Caucasian
2944,Caucasian
2945,African American
2946,Latinx
2947,Caucasian
2948,NA
2949,African American
2950,NA
2951,Other
2952,Other
2953,Other
2954,Caucasian
2955,Other
2956,African American
2957,Caucasian
2958,Caucasian
2959,Other
2960,Caucasian
2961,Other
2962,African American
2963,African American
2964,Caucasian
2965,Caucasian
2966,African American
2967,NA
2968,Other
2969,African American
2970,Caucasian
2971,African American
2972,African American
2973,African American
2974,Caucasian
2975,NA
2976,NA
2977,NA
2978,NA
2979,Caucasian
2980,African American
2981,African American
2982,African American
10182,African American
2984,NA
2985,NA
2986,Other
2987,Other
2988,African American
2989,Other
2990,NA
2991,NA
2992,African American
2993,NA
2994,African American
2995,African American
2996,NA
2997,African American
2998,NA
2999,African American
3000,NA
3001,NA
3002,African American
3003,African American
3004,African American
3005,African American
3006,NA
3007,African American
3008,Latinx
3009,African American
3010,African American
3011,African American
3012,African American
3013,NA
3014,African American
3015,Other
3016,Latinx
3017,Latinx
3018,African American
3019,NA
3020,NA
3021,African American
3022,Caucasian
3023,African American
3024,NA
3025,NA
3026,Caucasian
3027,African American
3028,Other
3029,African American
3030,Caucasian
3031,African American
3032,NA
3033,African American
3034,African American
3035,NA
3036,African American
3037,African American
3038,African American
3039,African American
3040,Other
3041,African American
3042,African American
3043,African American
3044,NA
3045,African American
3046,African American
3047,Other
3048,African American
3049,African American
3050,NA
3051,NA
3052,Other
3053,Caucasian
3054,African American
3055,Latinx
3056,African American
3057,NA
3058,African American
3059,NA
3060,African American
3061,African American
3062,African American
3063,African American
3064,African American
3065,African American
3066,African American
3067,African American
3068,African American
3069,NA
3070,NA
3071,Other
3072,African American
3073,Caucasian
3074,NA
3075,African American
3076,African American
3077,NA
3078,NA
3079,African American
3080,NA
3081,African American
3082,Latinx
3083,African American
3084,African American
3085,African American
3086,Caucasian
3087,African American
3088,Other
3089,African American
3090,African American
3091,NA
3092,African American
3093,African American
3094,NA
3095,African American
3096,African American
3097,African American
3098,African American
3099,African American
3100,NA
3101,NA
3102,African American
3103,NA
3104,NA
3105,NA
3106,NA
3107,NA
3108,African American
3109,Other
3110,African American
3111,African American
3112,African American
3113,Latinx
3114,Other
3115,African American
3116,African American
3117,African American
3118,African American
3119,African American
3120,Caucasian
3121,NA
3122,African American
3123,African American
3124,African American
3125,NA
3126,NA
3127,African American
3128,African American
3129,NA
3130,Other
3131,African American
3132,African American
3133,African American
3134,African American
3135,African American
3136,African American
3137,NA
3138,African American
3139,African American
3140,NA
3141,NA
3142,NA
3143,NA
3144,African American
3145,Caucasian
3146,African American
3147,Other
3148,African American
3149,NA
3150,Caucasian
3151,African American
3152,African American
3153,NA
3154,Caucasian
3155,NA
3156,Caucasian
3157,NA
3158,Caucasian
3159,Caucasian
3160,Caucasian
3161,Caucasian
3162,NA
3163,African American
3164,Other
3165,Caucasian
3166,NA
3167,Other
3168,African American
3169,Caucasian
3170,Caucasian
3171,Other
3172,Caucasian
3173,Caucasian
3174,Caucasian
3175,Other
3176,NA
3177,NA
3178,NA
3179,NA
3180,African American
3181,Caucasian
3182,NA
3183,African American
3184,African American
3185,Other
3186,Caucasian
3187,Caucasian
3188,NA
3189,NA
3190,African American
3191,NA
3192,Caucasian
3193,Caucasian
3194,Caucasian
3195,Caucasian
3196,African American
3197,Caucasian
3198,Caucasian
3199,Caucasian
3200,African American
3201,African American
3202,African American
3203,African American
3204,African American
3205,NA
3206,Caucasian
3207,Other
3208,NA
3209,NA
3210,African American
3211,NA
3212,African American
3213,African American
3214,African American
3215,NA
3216,NA
3217,African American
3218,African American
3219,African American
3220,Other
3221,African American
3222,African American
3223,African American
3224,NA
3225,Caucasian
3226,Other
3227,African American
3228,Caucasian
3229,NA
3230,African American
3231,African American
3232,Other
3233,African American
3234,NA
3235,Latinx
3236,Other
3237,NA
3238,African American
3239,NA
3240,African American
3241,NA
3242,Latinx
3243,Other
3244,African American
3245,NA
3246,NA
3247,African American
3248,African American
3249,Other
3250,NA
3251,NA
3252,Caucasian
3253,NA
3254,African American
3255,African American
3256,African American
3257,Latinx
3258,Latinx
3259,African American
3260,Latinx
3261,Latinx
3262,NA
3263,NA
3264,Caucasian
3265,NA
3266,Caucasian
3267,NA
3268,Other
3269,Other
3270,NA
3271,Caucasian
3272,Caucasian
3273,NA
3274,Other
3275,Caucasian
3276,Caucasian
3277,NA
3278,African American
3279,Caucasian
3280,Caucasian
3281,Caucasian
3282,Caucasian
3283,African American
3284,Other
3285,Caucasian
3286,Caucasian
3287,NA
3288,Caucasian
3289,Caucasian
3290,NA
3291,Latinx
3292,Latinx
3293,NA
3294,Other
3295,NA
3296,African American
3297,African American
3298,Caucasian
3299,African American
3300,NA
3301,African American
3302,Latinx
3303,NA
3304,NA
3305,Latinx
3306,Latinx
3307,Caucasian
3308,Latinx
3309,NA
3310,Caucasian
3311,Latinx
3312,Latinx
3313,African American
3314,Latinx
3315,African American
3316,African American
3317,NA
3318,African American
3319,African American
3320,NA
3321,Latinx
3322,African American
3323,Latinx
3324,Latinx
3325,African American
3326,African American
3327,Latinx
3328,African American
3329,NA
3330,African American
3331,Other
3332,Latinx
3333,NA
3334,NA
3335,Caucasian
3336,NA
3337,NA
3338,NA
3339,NA
3340,Latinx
3341,NA
3342,Latinx
3343,NA
3344,Other
3345,Latinx
3346,Latinx
3347,Latinx
3348,NA
3349,NA
3350,NA
3351,NA
3352,Latinx
3353,NA
3354,Latinx
3355,NA
3356,Latinx
3357,African American
3358,Latinx
3359,NA
3360,NA
3361,Latinx
3362,Other
3363,NA
3364,Latinx
3365,NA
3366,Latinx
3367,NA
3368,NA
3369,NA
3370,NA
3371,NA
3372,Latinx
3373,NA
3374,Latinx
3375,African American
3376,NA
3377,Caucasian
3378,Latinx
3379,NA
3380,NA
3381,Latinx
3382,Latinx
3383,NA
3384,Other
3385,NA
3386,Latinx
3387,Latinx
3388,Latinx
3389,Latinx
3390,Latinx
3391,NA
3392,NA
3393,NA
3394,NA
3395,NA
3396,NA
3397,Latinx
3398,Other
3399,NA
3400,NA
3401,NA
3402,Caucasian
3403,NA
3404,Latinx
3405,Caucasian
3406,Caucasian
3407,African American
3408,Latinx
3409,NA
3410,NA
3411,African American
3412,Other
3413,NA
3414,Other
3415,Caucasian
3416,Latinx
3417,NA
3418,African American
3419,Caucasian
3420,Latinx
3421,NA
3422,Other
3423,Latinx
3424,Caucasian
3425,Latinx
3426,NA
3427,African American
3428,Latinx
3429,Latinx
3430,Latinx
3431,NA
3432,Other
3433,Latinx
3434,Latinx
3435,Other
3436,NA
3437,Latinx
3438,Latinx
3439,Latinx
3440,African American
3441,African American
3442,NA
3443,Latinx
3444,NA
3445,Latinx
3446,Latinx
3447,NA
3448,Latinx
3449,NA
3450,African American
3451,Latinx
3452,NA
3453,NA
3454,NA
3455,African American
3456,NA
3457,Latinx
3458,African American
3459,NA
3460,NA
3461,Latinx
3462,Latinx
3463,Latinx
3464,Latinx
3465,Latinx
3466,Latinx
3467,NA
3468,NA
3469,Latinx
3470,NA
3471,NA
3472,NA
3473,NA
3474,NA
3475,NA
3476,NA
3477,NA
3478,NA
3479,NA
3480,NA
3481,NA
3482,NA
3483,NA
3484,NA
3485,NA
3486,NA
3487,NA
3488,NA
3489,NA
3490,NA
3491,NA
3492,NA
3493,NA
3494,NA
3495,NA
3496,NA
3497,NA
3498,NA
3499,NA
3500,NA
3501,NA
3502,NA
3503,NA
3504,NA
3505,NA
3506,NA
3507,NA
3508,NA
3509,NA
3510,NA
3511,NA
3512,NA
3513,NA
3514,NA
3515,NA
3516,Latinx
3517,NA
3518,NA
3519,NA
3520,Latinx
3521,Latinx
3522,Latinx
3523,Latinx
3524,NA
3525,Latinx
3526,Latinx
3527,NA
3528,African American
3529,NA
3530,NA
3531,Latinx
3532,Caucasian
3533,NA
3534,Latinx
3535,Caucasian
3536,Latinx
3537,Latinx
3538,Latinx
3539,Latinx
3540,Latinx
3541,Latinx
3542,NA
3543,NA
3544,NA
3545,NA
3546,Latinx
3547,NA
3548,Latinx
3549,Latinx
3550,NA
3551,Latinx
3552,NA
3553,Latinx
3554,NA
3555,African American
3556,Latinx
3557,Latinx
3558,African American
3559,Latinx
3560,Latinx
3561,Latinx
3562,NA
3563,Latinx
3564,African American
3565,NA
3566,Latinx
3567,NA
3568,NA
3569,NA
3570,African American
3571,African American
3572,Latinx
3573,NA
3574,NA
3575,Latinx
3576,Latinx
3577,Latinx
3578,Latinx
3579,Latinx
3580,NA
3581,NA
3582,African American
3583,African American
3584,Latinx
3585,African American
3586,NA
3587,Latinx
3588,Latinx
3589,Other
3590,African American
3591,African American
3592,NA
3593,NA
3594,Latinx
3595,Latinx
3596,Latinx
3597,Latinx
3598,African American
3599,African American
3600,Latinx
3601,Latinx
3602,Latinx
3603,NA
3604,African American
3605,NA
3606,NA
3607,Latinx
3608,NA
3609,NA
3610,Latinx
3611,African American
3612,NA
3613,NA
3614,NA
3615,NA
3616,Latinx
3617,NA
3618,NA
3619,Caucasian
3620,Latinx
3621,NA
3622,African American
3623,NA
3624,Caucasian
3625,Latinx
3626,African American
3627,Caucasian
3628,NA
3629,NA
3630,Caucasian
3631,Caucasian
3632,NA
3633,NA
3634,Other
3635,Caucasian
3636,Latinx
3637,Other
3638,African American
3639,NA
3640,Caucasian
3641,NA
3642,Latinx
3643,Latinx
3644,African American
3645,NA
3646,African American
3647,Latinx
3648,NA
3649,NA
3650,Latinx
3651,African American
3652,NA
3653,African American
3654,Latinx
3655,NA
10193,African American
3657,NA
3658,African American
3659,NA
3660,NA
3661,African American
3662,Other
3663,African American
3664,NA
3665,NA
3666,African American
3667,African American
3668,NA
3669,NA
3670,NA
3671,Latinx
3672,NA
3673,Latinx
3674,African American
3675,NA
3676,NA
3677,NA
3678,NA
3679,NA
3680,NA
3681,NA
3682,NA
3683,NA
3684,NA
3685,NA
3686,NA
3687,NA
3688,NA
3689,NA
3690,NA
3691,NA
3692,NA
3693,NA
3694,NA
3695,NA
3696,NA
3697,NA
3698,NA
3699,NA
3700,NA
3701,NA
3702,NA
3703,NA
3704,NA
3705,NA
3706,NA
3707,NA
3708,NA
3709,NA
3710,NA
3711,NA
3712,NA
3713,NA
3714,NA
3715,NA
3716,Caucasian
3717,Caucasian
3718,Caucasian
3719,African American
3720,Caucasian
3721,NA
3722,Caucasian
3723,Caucasian
3724,African American
3725,Caucasian
3726,Caucasian
3727,Caucasian
3728,African American
3729,African American
3730,Caucasian
3731,NA
3732,African American
3733,African American
3734,NA
3735,Caucasian
3736,Caucasian
3737,African American
3738,Caucasian
3739,Caucasian
3740,NA
3741,African American
3742,Caucasian
3743,Caucasian
3744,African American
3745,NA
3746,NA
3747,African American
3748,NA
3749,NA
3750,African American
3751,African American
3752,NA
3753,NA
3754,African American
3755,African American
3756,Caucasian
3757,African American
3758,Caucasian
3759,Caucasian
3760,African American
3761,NA
3762,Caucasian
3763,African American
3764,NA
3765,Caucasian
3766,Other
3767,African American
3768,Caucasian
3769,Caucasian
3770,African American
3771,Caucasian
3772,Caucasian
3773,NA
3774,NA
3775,NA
3776,African American
3777,African American
3778,African American
3779,Caucasian
3780,NA
3781,NA
3782,Caucasian
3783,African American
3784,NA
3785,African American
3786,African American
3787,NA
3788,African American
3789,Caucasian
3790,African American
3791,NA
3792,African American
3793,African American
3794,African American
3795,NA
3796,African American
3797,NA
3798,Caucasian
3799,Other
3800,NA
3801,African American
3802,African American
3803,African American
3804,NA
3805,Caucasian
3806,African American
3807,NA
3808,Caucasian
3809,African American
3810,NA
3811,Other
3812,Caucasian
3813,African American
3814,Caucasian
3815,Caucasian
3816,Other
3817,Other
3818,NA
3819,NA
3820,Caucasian
3821,Caucasian
3822,Caucasian
3823,African American
3824,Caucasian
3825,NA
3826,Caucasian
3827,NA
3828,NA
3829,Caucasian
3830,NA
3831,NA
3832,Latinx
3833,African American
3834,Caucasian
3835,NA
3836,NA
3837,Caucasian
3838,African American
3839,NA
3840,NA
3841,NA
3842,African American
3843,NA
3844,African American
3845,Other
3846,Other
3847,NA
3848,Caucasian
3849,African American
3850,Caucasian
3851,Latinx
3852,African American
3853,African American
3854,African American
3855,NA
3856,NA
3857,Caucasian
3858,African American
3859,NA
3860,African American
3861,African American
3862,African American
3863,NA
3864,NA
3865,NA
3866,NA
3867,NA
3868,Other
3869,Other
3870,NA
3871,African American
3872,NA
3873,Other
3874,Other
3875,NA
3876,African American
3877,African American
3878,African American
3879,African American
3880,African American
3881,NA
3882,African American
3883,Latinx
3884,African American
3885,African American
3886,NA
3887,Caucasian
3888,NA
3889,African American
3890,African American
3891,African American
3892,NA
3893,African American
3894,African American
3895,Latinx
3896,African American
3897,NA
3898,African American
3899,African American
3900,NA
3901,NA
3902,African American
3903,NA
3904,African American
3905,Caucasian
3906,African American
3907,Caucasian
3908,NA
3909,Caucasian
3910,NA
3911,NA
3912,African American
3913,NA
3914,African American
3915,NA
3916,NA
3917,Latinx
3918,Latinx
3919,Latinx
3920,Latinx
3921,Latinx
3922,NA
3923,NA
3924,Latinx
3925,NA
3926,Latinx
3927,NA
3928,Latinx
3929,Latinx
3930,Latinx
3931,Caucasian
3932,Latinx
3933,Latinx
3934,African American
3935,NA
3936,NA
3937,Latinx
3938,NA
3939,Other
3940,NA
3941,NA
3942,NA
3943,NA
3944,Latinx
3945,Latinx
3946,Latinx
3947,Latinx
3948,NA
3949,African American
3950,NA
3951,Latinx
3952,NA
3953,NA
3954,NA
3955,NA
3956,Latinx
3957,Latinx
3958,NA
3959,NA
3960,NA
3961,NA
3962,Latinx
3963,Latinx
3964,NA
3965,NA
3966,Latinx
3967,NA
3968,NA
3969,NA
3970,Latinx
3971,NA
3972,NA
3973,Latinx
3974,NA
3975,Latinx
3976,Latinx
3977,Latinx
3978,NA
3979,Latinx
3980,NA
3981,NA
3982,NA
3983,Latinx
3984,NA
3985,Latinx
3986,African American
3987,Latinx
3988,NA
3989,NA
3990,Latinx
3991,Latinx
3992,Latinx
3993,Latinx
3994,NA
3995,NA
3996,NA
3997,Latinx
3998,Latinx
3999,Latinx
4000,NA
4001,NA
4002,NA
4003,NA
4004,NA
4005,Latinx
4006,Latinx
4007,NA
4008,Latinx
4009,Latinx
4010,NA
4011,Latinx
4012,NA
4013,Latinx
4014,NA
4015,Caucasian
4016,NA
4017,Latinx
4018,Latinx
4019,Latinx
4020,NA
4021,Latinx
4022,Latinx
4023,NA
4024,Other
4025,Latinx
4026,NA
4027,NA
4028,NA
4029,NA
4030,NA
4031,NA
4032,NA
4033,NA
4034,Latinx
4035,NA
4036,African American
4037,Other
4038,NA
4039,Other
4040,Other
4041,Latinx
4042,Other
4043,NA
4044,Latinx
4045,Other
4046,NA
4047,NA
4048,NA
4049,NA
4050,NA
4051,NA
4052,Latinx
4053,NA
4054,NA
4055,NA
4056,NA
4057,NA
4058,NA
4059,Latinx
4060,NA
4061,Latinx
4062,Latinx
4063,NA
4064,Latinx
4065,NA
4066,Latinx
4067,Other
4068,Latinx
4069,Other
4070,NA
4071,Other
4072,NA
4073,NA
4074,Other
4075,Latinx
4076,NA
4077,NA
4078,NA
4079,Other
4080,Caucasian
4081,NA
4082,Latinx
4083,Latinx
4084,Latinx
4085,NA
4086,Latinx
4087,Latinx
4088,NA
4089,Other
4090,Other
4091,Latinx
4092,Latinx
4093,Caucasian
4094,NA
4095,Latinx
4096,Latinx
4097,Other
4098,Latinx
4099,NA
4100,NA
4101,NA
4102,Other
4103,Latinx
4104,NA
4105,African American
4106,Latinx
4107,Latinx
4108,NA
4109,Latinx
4110,Latinx
4111,NA
4112,NA
4113,Latinx
4114,Latinx
4115,Latinx
4116,Latinx
4117,NA
4118,Latinx
4119,NA
4120,Latinx
4121,Latinx
4122,NA
4123,NA
4124,NA
4125,NA
4126,Latinx
4127,Latinx
4128,Latinx
4129,Latinx
4130,Latinx
4131,Other
4132,NA
4133,Latinx
4134,NA
4135,Other
4136,Latinx
4137,Latinx
4138,Latinx
4139,NA
4140,NA
4141,Latinx
4142,NA
4143,NA
4144,Latinx
4145,Caucasian
4146,Latinx
4147,NA
4148,NA
4149,Latinx
4150,Other
4151,NA
4152,Latinx
4153,Latinx
4154,NA
4155,Latinx
4156,NA
4157,African American
4158,Latinx
4159,NA
4160,Latinx
4161,Other
4162,NA
4163,Latinx
4164,Caucasian
4165,NA
4166,Caucasian
4167,NA
4168,Latinx
4169,NA
4170,NA
4171,Other
4172,Latinx
4173,NA
4174,NA
4175,Other
4176,Latinx
4177,Latinx
4178,Caucasian
4179,NA
4180,Latinx
4181,NA
4182,Latinx
4183,Latinx
4184,Latinx
4185,NA
4186,NA
4187,Other
4188,Caucasian
4189,Latinx
4190,NA
4191,Latinx
4192,NA
4193,NA
4194,Latinx
4195,NA
4196,Latinx
4197,Latinx
4198,Latinx
4199,Caucasian
4200,Latinx
4201,Caucasian
4202,NA
4203,Latinx
4204,Latinx
4205,NA
4206,NA
4207,Other
4208,Latinx
4209,Latinx
4210,Latinx
4211,African American
4212,Latinx
4213,Latinx
4214,Caucasian
4215,Caucasian
4216,NA
4217,Latinx
4218,NA
4219,NA
4220,Caucasian
4221,Other
4222,Other
4223,NA
4224,Latinx
4225,NA
4226,Other
4227,NA
4228,NA
4229,African American
4230,NA
4231,NA
4232,NA
4233,African American
4234,NA
4235,Other
4236,NA
4237,NA
4238,Latinx
4239,NA
4240,NA
4241,Latinx
4242,Latinx
4243,Caucasian
10134,African American
10091,African American
4246,NA
4247,NA
10105,Caucasian
10150,Caucasian
4250,NA
4251,Caucasian
4252,NA
4253,Caucasian
4254,NA
10094,Caucasian
4256,Caucasian
10233,NA
10166,Caucasian
10118,Other
4260,Caucasian
4261,NA
4262,African American
4263,Latinx
4264,Caucasian
10111,African American
4266,NA
4267,Caucasian
10181,Caucasian
10108,African American
4270,Latinx
4271,NA
4272,Caucasian
4273,NA
4274,NA
4275,Other
4276,Other
4277,Other
10119,African American
10163,African American
10133,African American
4281,African American
10123,Caucasian
10143,Caucasian
10180,Other
10160,Latinx
4286,Caucasian
4287,African American
10158,Caucasian
10097,Caucasian
10113,NA
4291,Caucasian
10106,African American
4293,NA
4294,Caucasian
4295,NA
4296,African American
4297,NA
10135,Latinx
4299,Caucasian
10174,Caucasian
4301,NA
4302,Latinx
4303,NA
4304,Caucasian
10203,Caucasian
4306,NA
4307,Caucasian
4308,African American
4309,Other
4310,African American
4311,NA
10102,Caucasian
10138,Caucasian
4314,NA
4315,Caucasian
4316,NA
10175,Other
4318,African American
4319,Caucasian
4320,NA
4321,Caucasian
10171,African American
4323,NA
4324,NA
10129,NA
10157,African American
10156,Other
10227,African American
10112,African American
10147,Latinx
10124,African American
4332,African American
4333,NA
4334,Other
10139,African American
10122,Caucasian
10179,Latinx
10140,African American
10132,African American
4340,African American
4341,Caucasian
4342,African American
10167,Other
10161,Caucasian
4345,African American
4346,African American
4347,African American
4348,NA
4349,African American
10202,African American
4351,NA
10192,African American
4353,African American
4354,African American
4355,African American
10232,African American
4357,African American
4358,African American
4359,NA
4360,African American
10206,African American
4362,NA
4363,African American
10211,African American
10207,African American
4366,African American
4367,NA
10230,Caucasian
4369,African American
10205,African American
10221,African American
4372,African American
4373,African American
4374,African American
4375,African American
4376,NA
4377,NA
4378,African American
4379,African American
4380,NA
4381,NA
4382,African American
4383,NA
10223,African American
4385,African American
4386,NA
10209,African American
4388,NA
4389,NA
10198,African American
10208,African American
4392,African American
10215,African American
4394,NA
4395,African American
4396,NA
4397,NA
4398,NA
4399,NA
4400,NA
4401,NA
4402,NA
4403,African American
4404,African American
10222,African American
4406,NA
4407,NA
10229,African American
4409,African American
4410,NA
4411,NA
4412,African American
4413,African American
4414,African American
4415,NA
4416,NA
10200,African American
10214,African American
4419,NA
4420,NA
4421,NA
4422,African American
4423,NA
10199,African American
4425,NA
4426,NA
10224,African American
4428,NA
10220,African American
4430,African American
4431,NA
4432,NA
4433,African American
4434,NA
4435,Other
4436,African American
4437,NA
4438,Latinx
4439,African American
10194,African American
4441,Latinx
4442,NA
10226,Other
4444,NA
10212,African American
4446,African American
4447,NA
10228,African American
4449,African American
10219,African American
4451,Latinx
4452,Latinx
4453,African American
4454,African American
10225,Latinx
4456,NA
4457,NA
4458,NA
10195,African American
4460,African American
4461,African American
4462,NA
4463,African American
4464,NA
4465,NA
4466,Latinx
4467,NA
4468,Latinx
4469,Latinx
4470,Other
4471,African American
4472,African American
4473,NA
4474,NA
4475,NA
4476,Latinx
4477,NA
4478,Latinx
4479,Caucasian
4480,Other
4481,NA
10204,Caucasian
4483,Caucasian
4484,Other
4485,NA
4486,NA
4487,NA
10234,African American
4489,Caucasian
4490,African American
4491,Caucasian
10231,Caucasian
4493,African American
10196,Other
10216,Latinx
4496,African American
4497,African American
4498,NA
4499,Latinx
4500,Caucasian
4501,Caucasian
4502,Caucasian
4503,NA
4504,Caucasian
4505,NA
4506,Caucasian
4507,African American
4508,Caucasian
4509,Caucasian
4510,Caucasian
4511,Caucasian
4512,Other
4513,NA
4514,Other
4515,NA
4516,Caucasian
4517,NA
4518,Caucasian
4519,Caucasian
4520,African American
4521,Caucasian
4522,Other
4523,NA
4524,NA
4525,Caucasian
4526,NA
4527,NA
4528,African American
4529,NA
4530,Caucasian
4531,Caucasian
4532,Caucasian
4533,NA
4534,Caucasian
4535,NA
4536,Caucasian
4537,NA
4538,Latinx
4539,Caucasian
4540,Latinx
4541,NA
4542,Caucasian
4543,African American
4544,Caucasian
4545,Caucasian
4546,NA
4547,African American
4548,Caucasian
4549,NA
4550,African American
4551,Caucasian
4552,NA
4553,African American
4554,African American
4555,NA
4556,Other
4557,NA
4558,African American
4559,Caucasian
4560,Caucasian
4561,NA
4562,Other
4563,Caucasian
4564,NA
4565,Caucasian
4566,NA
10235,African American
4568,African American
4569,Caucasian
4570,NA
4571,Caucasian
4572,NA
4573,NA
4574,NA
4575,Caucasian
4576,Caucasian
4577,African American
4578,Caucasian
4579,NA
4580,NA
4581,African American
4582,NA
4583,NA
4584,NA
4585,African American
4586,African American
4587,Caucasian
4588,NA
4589,Caucasian
4590,Caucasian
4591,African American
4592,Caucasian
4593,Caucasian
4594,NA
4595,African American
4596,African American
4597,NA
4598,Caucasian
4599,NA
4600,Caucasian
4601,African American
4602,African American
4603,NA
4604,NA
4605,NA
4606,African American
4607,Other
4608,Other
4609,NA
4610,African American
4611,NA
4612,African American
4613,African American
4614,African American
4615,African American
4616,NA
4617,NA
4618,NA
4619,African American
4620,African American
4621,NA
4622,NA
4623,African American
4624,NA
4625,African American
4626,Latinx
4627,African American
4628,African American
4629,African American
4630,African American
4631,African American
4632,Latinx
4633,NA
4634,Caucasian
4635,NA
4636,African American
4637,NA
4638,African American
4639,African American
4640,African American
4641,African American
4642,NA
4643,African American
4644,African American
4645,African American
4646,African American
4647,African American
4648,African American
4649,African American
4650,African American
4651,African American
4652,African American
4653,African American
4654,African American
4655,NA
4656,African American
4657,African American
4658,Other
4659,Caucasian
4660,NA
4661,African American
4662,African American
4663,Other
4664,Caucasian
4665,Caucasian
4666,NA
4667,African American
4668,Caucasian
4669,Caucasian
4670,African American
4671,African American
4672,NA
4673,Caucasian
4674,NA
4675,Caucasian
4676,Latinx
4677,Other
4678,Caucasian
4679,Caucasian
4680,NA
4681,Latinx
4682,Other
4683,African American
4684,African American
4685,African American
4686,NA
4687,Other
4688,NA
4689,Caucasian
4690,Caucasian
4691,Caucasian
4692,African American
4693,African American
4694,African American
4695,African American
4696,Latinx
4697,African American
4698,NA
4699,African American
4700,African American
4701,African American
4702,African American
4703,Caucasian
4704,NA
4705,African American
10217,Other
4707,NA
4708,African American
4709,African American
4710,NA
4711,NA
4712,Other
4713,NA
4714,African American
4715,African American
4716,Caucasian
4717,African American
4718,African American
4719,Latinx
4720,Caucasian
4721,Caucasian
4722,NA
4723,Caucasian
4724,African American
4725,NA
4726,African American
4727,African American
4728,African American
4729,NA
4730,NA
4731,NA
4732,Caucasian
4733,NA
4734,NA
4735,African American
4736,African American
4737,Other
4738,African American
4739,African American
4740,Caucasian
4741,African American
4742,Caucasian
4743,African American
4744,African American
4745,NA
4746,African American
4747,African American
4748,African American
4749,NA
4750,African American
4751,NA
4752,Caucasian
4753,Caucasian
4754,Caucasian
4755,NA
4756,NA
4757,African American
4758,NA
4759,Caucasian
4760,Caucasian
4761,NA
4762,NA
4763,Caucasian
4764,NA
4765,NA
4766,Caucasian
4767,African American
4768,African American
4769,African American
4770,Caucasian
4771,Caucasian
4772,NA
4773,African American
4774,NA
4775,Caucasian
4776,African American
4777,Caucasian
4778,NA
4779,African American
4780,Caucasian
4781,African American
4782,Caucasian
4783,Caucasian
4784,NA
4785,NA
4786,NA
4787,Caucasian
4788,Caucasian
4789,Caucasian
4790,African American
4791,NA
4792,NA
4793,Caucasian
4794,African American
4795,NA
4796,Caucasian
4797,NA
4798,African American
4799,Latinx
4800,Latinx
4801,Caucasian
4802,Caucasian
4803,Caucasian
4804,Caucasian
4805,Caucasian
4806,African American
4807,NA
4808,Latinx
4809,Latinx
4810,Latinx
4811,Other
4812,Latinx
4813,Latinx
4814,Other
4815,Latinx
4816,NA
4817,Latinx
4818,African American
4819,Latinx
4820,Latinx
4821,Latinx
4822,Latinx
4823,NA
4824,Latinx
4825,Latinx
4826,Latinx
4827,NA
4828,Latinx
4829,Latinx
4830,Latinx
4831,Latinx
4832,NA
4833,NA
4834,NA
4835,Latinx
4836,Latinx
4837,Latinx
4838,African American
4839,Latinx
4840,NA
4841,Latinx
4842,NA
4843,Latinx
4844,Latinx
4845,NA
4846,Latinx
4847,Caucasian
4848,NA
4849,NA
4850,Latinx
4851,Latinx
4852,Latinx
4853,Caucasian
4854,NA
4855,Latinx
4856,Latinx
4857,Latinx
4858,Latinx
4859,NA
4860,Latinx
4861,Caucasian
4862,Latinx
4863,Other
4864,Latinx
4865,Latinx
4866,Caucasian
4867,Latinx
4868,Latinx
4869,NA
4870,NA
4871,Latinx
4872,Latinx
4873,NA
4874,Latinx
4875,NA
4876,Latinx
4877,NA
4878,Latinx
4879,Latinx
4880,Caucasian
4881,Latinx
4882,African American
4883,Latinx
4884,Latinx
4885,NA
4886,Latinx
4887,NA
4888,NA
4889,NA
4890,NA
4891,Caucasian
4892,Latinx
4893,Latinx
4894,NA
4895,NA
4896,NA
4897,Latinx
4898,NA